HA,seq
H1vic,MKAILVVMLYTFTTANADTLCIGYHANNSTDTVDTVLEKNVTVTHSVNLLEDKHNGKLCKLRGVAPLHLGKCNIAGWILGNPECESLSTARSWSYIVETSNSDNGTCFPGDFINYEELREQLSSVSSFERFEIFPKTSSWPNHDSDNGVTAACPHAGAKSFYKNLIWLVKKGKSYPKINQTYINDKGKEVLVLWGIHHPPTIADQQSLYQNEDAYVFVGTSRYSKKFKPEIATRPKVRDREGRMNYYWTLVEPGDKITFEATGNLVAPRYAFTMERDAGSGIIISDTPVHDCNTTCQTPEGAINTSLPFQNVHPITIGKCPKYVKSTKLRLATGLRNVPSIQSRGLFGAIAGFIEGGWTGMVDGWYGYHHQNEQGSGYAADLKSTQNAIDKITNKVNSVIEKMNTQFTAVGKEFNHLEKRIENLNKKVDDGFLDIWTYNAELLVLLENERTLDYHDSNVKNLYEKVRNQLKNNAKEIGNGCFEFYHKCDNTCMESVKNGTYDYPKYSEEAKLNREKIDGVKGYIPEAPRDGQAYVRKDGEWVLLSTFLGSGLNDIFEAQKIEWHEGHHHHHH
H1cal,MKAILVVLLYTFATANADTLCIGYHANNSTDTVDTVLEKNVTVTHSVNLLEDKHNGKLCKLRGVAPLHLGKCNIAGWILGNPECESLSTASSWSYIVETPSSDNGTCFPGDFIDYEELREQLSSVSSFERFEIFPKTSSWPNHDSNKGVTAACPHAGAKSFYKNLIWLVKKGNSYPKLSKSYINDKGKEVLVLWGIHHPSTSADQQSLYQNADAYVFVGSSRYSKKFKPEIAIRPKVRDQEGRMNYYWTLVEPGDKITFEATGNLVVPRYAFAMERNAGSGIIISDTPVHDCNTTCQTPKGAINTSLPFQNIHPITIGKCPKYVKSTKLRLATGLRNIPSIQSRGLFGAIAGFIEGGWTGMVDGWYGYHHQNEQGSGYAADLKSTQNAIDGITNKVNSVIEKMNTQFTAVGKEFNHLEKRIENLNKKVDDGFLDIWTYNAELLVLLENERTLDYHDSNVKNLYEKVRSQLKNNAKEIGNGCFEFYHKCDNTCMESVKNGTYDYPKYSEEAKLNREEIDGVGYIPEAPRDGQAYVRKDGEWVLLSTFLGSGLNDIFEAQKIEWHEGHHHHHH
H3taz,MKTIIALSYILCLVFAQKIPGNDNSTATLCLGHHAVPNGTIVKTITNDRIEVTNATELVQNSSIGEICDSPHQILDGGNCTLIDALLGDPQCDGFQNKEWDLFVERSRANSNCFPYDVPDYASLRSLVASSGTLEFKNESFNWTGVKQNGTSSACIRGSSSSFFSRLNWLTHLNYKYPALNVTMPNKEQFDKLYIWGVYHPSTDKDQISLFAQPSGRITVSTKRSQQAVIPNIGSRPRIRGIPSRISIYWTIVKPGDILLINSTGNLIAPRGYFKIRSGKSSIMRSDAPIGKCKSECITPNGSIPNDKPFQNVNRITYGACPRYVKQSTLKLATGMRNVPEKQTRGIFGAIAGFIENGWEGMVDGWYGFRHQNSEGRGQAADLKSTQAAIDQINGKLNRLIGKTNEKFHQIEKEFSEVEGRVQDLEKYVEDTKIDLWSYNAELLVALENQHTIDLTDSEMNKLFEKTKKQLRENAEDMGNGCFKIYHKCDNACIGSIRNETYDHNVYRDEALNNRFQIKGVEGYIPEAPRDGQAYVRKDGEWVLLSTFLGSGLNDIFEAQKIEWHEGHHHHHH*
H3dar,MKTIIALSNILCLVFAQKIPGNDNSTATLCLGHHAVPNGTIVKTITNDRIEVTNATELVQNSSIGEICDSPHQILDGGNCTLIDALLGDPQCDGFQNKEWDLFVERSRANSNCFPYDVPDYASLRSLVASSGTLEFKNESFNWTGVKQNGTSSACIRGSSSSFFSRLNWLTSLNNIYPAQNVTMPNKEQFDKLYIWGVHHPNTDKNQISLFAQSSGRITVSTKRSQQAVIPNIGSRPRIRGIPSRISIYWTIVKPGDILLINSTGNLIAPRGYFKIRSGKSSIMRSDAPIGKCKSECITPNGSIPNDKPFQNVNRITYGACPRYVKQSTLKLATGMRNVPEKQTRGIFGAIAGFIENGWEGMVDGWYGFRHQNSEGRGQAADLKSTQAAIDQINGKLNRLIGKTNEKFHQIEKEFSEVEGRVQDLEKYVEDTKIDLWSYNAELLVALENQHTIDLTDSEMNKLFEKTKKQLRENAEDMGNGCFKIYHKCDNACIGSIRNETYDHNVYRDEALNNRFQIKGVEGYIPEAPRDGQAYVRKDGEWVLLSTFLGSGLNDIFEAQKIEWHEGHHHHHH
H4,MLSIVILFLLIAENSSQNYTGNPVICMGHHAVANGTMVKTLADDQVEVVTAQELVESQNLPELCPSPLRLVDGQTCDIINGALGSPGCDHLNGAEWDVFIERPNAVDTCFPFDVPEYQSLRSILANNGKFEFIAEEFQWNTVKQNGKSGACKRANVNDFFNRLNWLVKSDGNAYPLQNLTKINNGDYARLYIWGVHHPSTDTEQTNLYKNNPGGVTVSTKTSQTSVVPNIGSRPLVRGQSGRVSFYWTIVEPGDLIVFNTIGNLIAPRGHYKLNNQKKSTILNTAIPIGSCVSKCHTDKGSLSTTKPFQNISRIAVGDCPRYVKQGSLKLATGMRNIPEKASRGLFGAIAGFIENGWQGDDDVCFDQNAEGTGTAADLKSTQAAIDQINGKLNRLIEKTNDKYHQIEKEFEQVEGRIQDLEKYVEDTKIDLWSYNAELLVALENQHTIDVTDSEMNKLFERVRRQLRENAEDKGNGCFEIFHKCDNNCIESIRNGTYDHDIYRDEAINNRFQIQGVGYIPEAPRDGQAYVRKDGEWVLLSTFLGSGLNDIFEAQKIEWHEGHHHHHH
H5,MEKIVLLFAIVSLVKSDQICIGYHANNSTEQVDTIMEKNVTVTHAQDILEKKHNGKLCDLDGVKPLILRDCSVAGWLLGNPMCDEFINVPEWSYIVEKANPVNDLCFPGDFNDYEELKHLLSRINHFEKIQIIPKSSWSSHEASLGVSSACPYQGESSFFRNVVWLIKKNSTYPTIKRSYNNTNQEDLLVLWGIHHPNDAAEQTKLYQNPTTYISVGTSTLNQRLVPRIATRSKVNGQSGRMEFFWTILKPNDAINFESNGNFIAPEYAYKIVKKGDSTIMKSELEYGNCNTKCQTPMGAINSSMPFHNIHPLTIGECPKYVKSNRLVLATGLRNSPQRETRGLFGAIAGFIEGGWQGMVDGWYGYHHSNEQGSGYAADKESTQKAIDGVTNKVNSIIDKMNTQFEAVGREFNNLERRIENLNKKMEDGFLDVWTYNAELLVLMENERTLDFHDSNVKNLYDKVRLQLRDNAKELGNGCFEFYHKCDNECMESVRNGTYDYPQYSEEARLKREEISGVGYIPEAPRDGQAYVRKDGEWVLLSTFLGSGLNDIFEAQKIEWHEGHHHHHH
H6,MIAIVVIAILASAGKSDKICIGYHANNSTTQVDTLLEKNVTVTHSVELLENQKEKRFCKIMNKAPLDLKDCTIEGWILGNPKCDLLLGDQSWSYIVERPNAQNGICFPGVLNELEELKAFIGSGERVERFEMFPKSTWAGVDTSRGVTNACPSYTIDSSFYRNLVWIVKTDSATYPVIKGTYNNTGTQPILYFWGVHHPLDTTVQDNLYGSGDKYVRMGTESMNFAKSPEIAARPAVNGQRSRIDYYWSVLRPGETLNVESNGNLIAPWYAYKFVSTNKKGAVFKSDLPIENCDATCQTITGVLRTNKTFQNVSPLWIGECPKYVKSESLRLATGLRNVPQIATRGIFGAIAGFIEGGWTGMIDGWYGYHHENSQGSGYAADRESTQKAIDGITNKVNSIINKMNTQFEAVDHEFSNLERRIGNLNKRMEDGFLDVWTYNAELLVLLENERTLDLHDANVKNLYEKVKSQLRDNANDLGNGCFEFWHKCDNECMESVKNGTYDYPKYQKESKLNRQGIESVGYIPEAPRDGQAYVRKDGEWVLLSTFLGSGLNDIFEAQKIEWHEGHHHHHH
H8,MEKFIIMAMLLVSTNAYDRICIGYQSNNSTDTVNTLIEQNVPVTQTMELVETEKHPAYCNTDLGAPLELRDCKIEAVIYGNPKCDIHLKDQGWSYIVERPSAPEGMCFPGSVENLEELRFVFSSAASYKRIRLFDYSRWNVTRSGTSKACNASTGGQSFYRSINWLTKKKPDTYDFNEGTYINNEDGDIIFLWGIHHPPDAKEQTTLYKNANTLSSVTTNTINRSFQPNIGPRPLVRGQQGRMDYYWGILKRGETLKIRTNGNLIAPEFGYLLKGESHGRIIQNEDIPIGSCHTKCQTYAGAINSSKPFQNASRHYMGECPKYVKKESLRLAVGLRNTPSIEPRGLFGAIAGFIEGGWSGMIDGWYGFHHSNSEGTGMAADQKSTQEAIDKITNKVNNIVDKMNREFEVVNHEFSEVEKRINMINDKIDDQIEDLWAYNAELLVLLENQKTLDEHDSNVKNLFDEVRRRLSANAIDTGNGCFDILHKCDNECMETIKNGTYNHKEYEEEAKLERSKINGVGYIPEAPRDGQAYVRKDGEWVLLSTFLGSGLNDIFEAQKIEWHEGHHHHHH
H9,METISLMTILLITTASNADKICIGHQSTNSTETVDTLTETNVPVTHAKELLQTEHNGMLCATNLGHPLILDTCTIEGLIYGNPSCDLLLEGREWSYIVERPSAVNGTCFPGNVENLEELRTLFSSASSYQRIQIFPDTTWNVTYTGTSRSCSGSFYRSMRWLTQKSGFYPVQDAKYTNNRGKNILFVWGIHHPHTYTDQTTLYIRNDTTTSVTTEELNRIFKPVIVPRLLVNGQQGRIDYYWSVLKPGQTLRVRSNGNLIAPWYGHVLSGGSHGRILKTDLKSGNCVVQCQTEKGGLNSTLPFHNISKYAFGTCPKYVKVNSLKLAIGLRNVPARSNRGLFGAIAGFIEGGWPGLVAGWYGFQHSNDQGVGMAADRDSTQKAVDKITSKVNNIVDKMNKQYEIIDHEFSEVETRLNMINNKIDDQIQDVWAYNAELLVLLENQKTLDEHDANVNNLYNKVKRALGSNAMEDGKGCFELYHKCDDQCMETIRNGTYDRRKYREESRLERQRIEGVGYIPEAPRDGQAYVRKDGEWVLLSTFLGSGLNDIFEAQKIEWHEGHHHHHH
H13,MDIKAVALLILTSTCIQADRICVGYLSTNSSEKVDTLLENGVPVTSSVDLVETNHTGTYCSLNGISPVHLGDCSFEGWIVGNPSCASNLGIREWSYLIEDPSAPHGLCFPGELDNNGELRHLFSGIKSFSRTELIAPTSWGAVNDGVSSACQDKGASSFYRNLVWFVERGKKYPVIRGTYNNTTGRDVLVMWGIHHPVSEDEARKLYINSNPYTLVSTGSWSKKYNLEIGIRPGYNGQKSWMKIYWSLMHPGESISFESNGGLLAPRYGYIIEEYGKGRIFQSRIRAGKCNTKCQTSVGGINTNKTFQNIERNALGDCPKYIKSGQLKLATGLRNVPAIASRGLFGAIAGFIEGGWPGLINGWYGFQHQNEQGVGIAADKESTQKAIDQITTKINNIIEKMNGNYDSIRGEFNQVENRINMLADRIDDAVTDVWSYNAKLLVLLENDKTLDMHDANVRNLHDQVRRALKTNAIDEGNGCFELLHKCNDSCMETIRNGTYNHTEYEEESKLKRQEIEGIGYIPEAPRDGQAYVRKDGEWVLLSTFLGSGLNDIFEAQKIEWHEGHHHHHH
HBwash,MKAIIVLLMVVTSNADRICTGITSSNSPHVVKTATQGEVNVTGVIPLTTTPTKSHFANLKGTETRGKLCPKCLNCTDLDVALGRPKCTGKIPSARVSILHEVRPVTSGCFPIMHDRTKIRQLPNLLRGYEHVRLSTHNVINAEDAPGRPYEIGTSGSCPNITNGNGFFATMAWAVPKNKTATNPLTIEVPYICTEGEDQITVWGFHSDSETQMAKLYGDSKPQKFTSSANGVTTHYVSQIGGFPNQTEDGGLPQSGRIVVDYMVQKSGKTGTITYQRGILLPQKVWCASGRSKVIKGSLPLIGEADCLHEKYGGLNKSKPYYTGEHAKAIGNCPIWVKTPLKLANGTKYRPPAKLLKERGFFGAIAGFLEGGWEGMIAGWHGYTSHGAHGVAVAADLKSTQEAINKITKNLNSLSELEVKNLQRLSGAMDELHNEILELDEKVDDLRADTISSQIELAVLLSNEGIINSEDEHLLALERKLKKMLGPSAVEIGNGCFETKHKCNQTCLDRIAAGTFDAGEFSLPTFDSLNITAASGYIPEAPRDGQAYVRKDGEWVLLSTFLGSGLNDIFEAQKIEWHEGHHHHHH*
